image,tile_x,tile_y,hue,saturation,value,label
1.jpg,0,0,43,215,156,Grassland
1.jpg,1,0,105,254,184,Lake
1.jpg,2,0,46,165,62,Forest
1.jpg,3,0,42,155,59,Forest
1.jpg,4,0,45,163,60,Forest
1.jpg,0,1,44,212,156,Grassland
1.jpg,1,1,46,165,58,Forest
1.jpg,2,1,43,171,59,Forest
1.jpg,3,1,37,169,62,Forest
1.jpg,4,1,42,216,151,Grassland
1.jpg,0,2,41,209,154,Grassland
1.jpg,1,2,23,127,114,Swamp
1.jpg,2,2,29,96,141,Home
1.jpg,3,2,43,178,58,Forest
1.jpg,4,2,40,224,147,Grassland
1.jpg,0,3,43,224,151,Grassland
1.jpg,1,3,23,136,115,Swamp
1.jpg,2,3,105,251,180,Lake
1.jpg,3,3,37,216,141,Grassland
1.jpg,4,3,39,230,141,Grassland
1.jpg,0,4,48,99,63,Forest
1.jpg,1,4,105,225,152,Lake
1.jpg,2,4,106,228,143,Lake
1.jpg,3,4,39,213,133,Grassland
1.jpg,4,4,26,246,198,Field
10.jpg,0,0,26,245,156,Field
10.jpg,1,0,24,112,35,Mine
10.jpg,2,0,24,126,34,Mine
10.jpg,3,0,25,122,38,Mine
10.jpg,4,0,20,222,122,Unknown
10.jpg,0,1,107,253,154,Lake
10.jpg,1,1,36,187,46,Forest
10.jpg,2,1,24,148,86,Swamp
10.jpg,3,1,24,134,100,Swamp
10.jpg,4,1,20,216,125,Unknown
10.jpg,0,2,107,253,151,Lake
10.jpg,1,2,106,255,158,Lake
10.jpg,2,2,22,66,113,Home
10.jpg,3,2,23,151,89,Swamp
10.jpg,4,2,26,254,178,Field
10.jpg,0,3,106,255,165,Lake
10.jpg,1,3,106,252,151,Lake
10.jpg,2,3,45,200,49,Forest
10.jpg,3,3,26,241,182,Field
10.jpg,4,3,26,248,181,Field
10.jpg,0,4,105,254,169,Lake
10.jpg,1,4,106,252,156,Lake
10.jpg,2,4,45,189,51,Forest
10.jpg,3,4,39,145,55,Forest
10.jpg,4,4,46,163,51,Forest
11.jpg,0,0,46,167,51,Forest
11.jpg,1,0,36,157,50,Forest
11.jpg,2,0,48,166,43,Forest
11.jpg,3,0,43,154,41,Forest
11.jpg,4,0,49,148,37,Forest
11.jpg,0,1,106,246,123,Lake
11.jpg,1,1,26,248,181,Field
11.jpg,2,1,26,248,170,Field
11.jpg,3,1,44,152,43,Forest
11.jpg,4,1,49,132,39,Forest
11.jpg,0,2,105,244,128,Lake
11.jpg,1,2,26,243,181,Field
11.jpg,2,2,26,252,179,Field
11.jpg,3,2,38,168,46,Forest
11.jpg,4,2,33,66,97,Home
11.jpg,0,3,106,250,123,Lake
11.jpg,1,3,39,231,111,Grassland
11.jpg,2,3,42,229,131,Grassland
11.jpg,3,3,36,164,45,Forest
11.jpg,4,3,48,157,40,Forest
11.jpg,0,4,21,199,146,Unknown
11.jpg,1,4,21,197,145,Unknown
11.jpg,2,4,41,233,127,Grassland
11.jpg,3,4,43,177,42,Forest
11.jpg,4,4,42,166,43,Forest
13.jpg,0,0,21,167,157,Unknown
13.jpg,1,0,24,91,42,Mine
13.jpg,2,0,27,244,190,Field
13.jpg,3,0,26,239,184,Field
13.jpg,4,0,42,222,147,Grassland
13.jpg,0,1,26,247,190,Field
13.jpg,1,1,40,228,136,Grassland
13.jpg,2,1,106,252,157,Lake
13.jpg,3,1,26,242,186,Field
13.jpg,4,1,36,183,60,Forest
13.jpg,0,2,21,168,156,Unknown
13.jpg,1,2,42,211,152,Grassland
13.jpg,2,2,38,220,139,Grassland
13.jpg,3,2,27,248,192,Field
13.jpg,4,2,26,244,191,Field
13.jpg,0,3,27,237,190,Field
13.jpg,1,3,24,125,112,Swamp
13.jpg,2,3,27,242,191,Field
13.jpg,3,3,26,244,190,Field
13.jpg,4,3,29,137,60,Home
13.jpg,0,4,24,109,113,Swamp
13.jpg,1,4,24,87,129,Swamp
13.jpg,2,4,26,231,185,Field
13.jpg,3,4,26,235,192,Field
13.jpg,4,4,105,253,159,Lake
14.jpg,0,0,26,245,154,Field
14.jpg,1,0,24,115,36,Mine
14.jpg,2,0,24,125,39,Mine
14.jpg,3,0,24,126,43,Mine
14.jpg,4,0,20,221,121,Unknown
14.jpg,0,1,107,253,154,Lake
14.jpg,1,1,37,179,44,Forest
14.jpg,2,1,25,133,76,Swamp
14.jpg,3,1,24,130,97,Swamp
14.jpg,4,1,20,215,124,Unknown
14.jpg,0,2,107,253,152,Lake
14.jpg,1,2,107,255,154,Lake
14.jpg,2,2,30,110,64,Home
14.jpg,3,2,23,155,80,Swamp
14.jpg,4,2,26,254,176,Field
14.jpg,0,3,106,255,165,Lake
14.jpg,1,3,106,252,150,Lake
14.jpg,2,3,45,195,48,Forest
14.jpg,3,3,26,241,181,Field
14.jpg,4,3,26,248,180,Field
14.jpg,0,4,106,254,170,Lake
14.jpg,1,4,106,252,155,Lake
14.jpg,2,4,46,181,49,Forest
14.jpg,3,4,40,141,54,Forest
14.jpg,4,4,48,150,49,Forest
15.jpg,0,0,46,160,48,Forest
15.jpg,1,0,37,147,48,Forest
15.jpg,2,0,48,153,42,Forest
15.jpg,3,0,46,148,41,Forest
15.jpg,4,0,50,137,36,Forest
15.jpg,0,1,106,248,122,Lake
15.jpg,1,1,26,248,179,Field
15.jpg,2,1,26,248,166,Field
15.jpg,3,1,45,154,41,Forest
15.jpg,4,1,51,128,38,Forest
15.jpg,0,2,105,246,125,Lake
15.jpg,1,2,26,244,179,Field
15.jpg,2,2,26,252,176,Field
15.jpg,3,2,38,155,37,Forest
15.jpg,4,2,32,87,45,Home
15.jpg,0,3,107,250,124,Lake
15.jpg,1,3,40,230,108,Grassland
15.jpg,2,3,43,229,128,Grassland
15.jpg,3,3,36,156,44,Forest
15.jpg,4,3,49,158,39,Forest
15.jpg,0,4,21,199,142,Unknown
15.jpg,1,4,21,194,142,Unknown
15.jpg,2,4,41,233,124,Grassland
15.jpg,3,4,43,164,41,Forest
15.jpg,4,4,43,153,42,Forest
16.jpg,0,0,26,246,191,Field
16.jpg,1,0,26,247,189,Field
16.jpg,2,0,45,226,148,Grassland
16.jpg,3,0,43,223,151,Grassland
16.jpg,4,0,21,200,144,Unknown
16.jpg,0,1,46,137,56,Forest
16.jpg,1,1,105,247,139,Lake
16.jpg,2,1,105,253,167,Lake
16.jpg,3,1,105,254,170,Lake
16.jpg,4,1,20,209,140,Unknown
16.jpg,0,2,44,217,152,Grassland
16.jpg,1,2,43,238,144,Grassland
16.jpg,2,2,39,228,132,Grassland
16.jpg,3,2,46,184,55,Forest
16.jpg,4,2,105,254,166,Lake
16.jpg,0,3,43,221,152,Grassland
16.jpg,1,3,23,153,102,Swamp
16.jpg,2,3,44,204,141,Grassland
16.jpg,3,3,26,237,185,Field
16.jpg,4,3,106,255,164,Lake
16.jpg,0,4,22,151,113,Swamp
16.jpg,1,4,26,104,115,Swamp
16.jpg,2,4,29,62,79,Home
16.jpg,3,4,26,244,181,Field
16.jpg,4,4,105,247,130,Lake
17.jpg,0,0,22,168,129,Swamp
17.jpg,1,0,42,220,163,Grassland
17.jpg,2,0,23,153,124,Swamp
17.jpg,3,0,27,245,204,Field
17.jpg,4,0,44,177,65,Forest
17.jpg,0,1,25,120,137,Swamp
17.jpg,1,1,43,215,164,Grassland
17.jpg,2,1,26,70,144,Swamp
17.jpg,3,1,26,230,205,Field
17.jpg,4,1,45,172,63,Forest
17.jpg,0,2,23,154,120,Swamp
17.jpg,1,2,42,228,158,Grassland
17.jpg,2,2,29,63,140,Home
17.jpg,3,2,26,238,206,Field
17.jpg,4,2,35,174,73,Forest
17.jpg,0,3,23,135,117,Swamp
17.jpg,1,3,39,209,138,Grassland
17.jpg,2,3,106,237,157,Lake
17.jpg,3,3,104,241,176,Lake
17.jpg,4,3,42,189,68,Forest
17.jpg,0,4,26,235,200,Field
17.jpg,1,4,38,199,148,Grassland
17.jpg,2,4,104,243,190,Lake
17.jpg,3,4,105,243,192,Lake
17.jpg,4,4,104,243,193,Lake
18.jpg,0,0,41,232,139,Grassland
18.jpg,1,0,36,202,54,Forest
18.jpg,2,0,26,254,186,Field
18.jpg,3,0,26,254,184,Field
18.jpg,4,0,106,253,132,Lake
18.jpg,0,1,20,202,150,Unknown
18.jpg,1,1,41,207,53,Forest
18.jpg,2,1,37,210,61,Forest
18.jpg,3,1,26,251,190,Field
18.jpg,4,1,26,251,183,Field
18.jpg,0,2,21,200,155,Unknown
18.jpg,1,2,39,200,58,Forest
18.jpg,2,2,35,81,121,Home
18.jpg,3,2,26,247,180,Field
18.jpg,4,2,26,242,192,Field
18.jpg,0,3,43,200,64,Forest
18.jpg,1,3,37,201,67,Forest
18.jpg,2,3,45,195,56,Forest
18.jpg,3,3,40,196,57,Forest
18.jpg,4,3,37,161,64,Forest
18.jpg,0,4,104,253,181,Lake
18.jpg,1,4,105,254,180,Lake
18.jpg,2,4,46,193,61,Forest
18.jpg,3,4,40,173,61,Forest
18.jpg,4,4,43,176,60,Forest
2.jpg,0,0,26,252,177,Field
2.jpg,1,0,26,70,115,Swamp
2.jpg,2,0,26,248,177,Field
2.jpg,3,0,24,146,46,Mine
2.jpg,4,0,23,131,103,Swamp
2.jpg,0,1,24,103,39,Mine
2.jpg,1,1,23,127,88,Swamp
2.jpg,2,1,26,251,182,Field
2.jpg,3,1,26,249,181,Field
2.jpg,4,1,46,158,47,Forest
2.jpg,0,2,23,104,47,Mine
2.jpg,1,2,23,126,105,Swamp
2.jpg,2,2,21,62,119,Home
2.jpg,3,2,26,248,184,Field
2.jpg,4,2,26,249,183,Field
2.jpg,0,3,23,110,46,Mine
2.jpg,1,3,24,128,71,Mine
2.jpg,2,3,43,222,149,Grassland
2.jpg,3,3,44,222,142,Grassland
2.jpg,4,3,26,244,177,Field
2.jpg,0,4,26,248,193,Field
2.jpg,1,4,26,244,192,Field
2.jpg,2,4,23,161,114,Swamp
2.jpg,3,4,25,109,119,Swamp
2.jpg,4,4,42,220,141,Grassland
20.jpg,0,0,104,245,176,Lake
20.jpg,1,0,104,252,189,Lake
20.jpg,2,0,105,254,187,Lake
20.jpg,3,0,105,251,178,Lake
20.jpg,4,0,105,253,183,Lake
20.jpg,0,1,40,194,66,Forest
20.jpg,1,1,23,137,123,Swamp
20.jpg,2,1,40,216,164,Grassland
20.jpg,3,1,41,193,66,Forest
20.jpg,4,1,105,247,150,Lake
20.jpg,0,2,23,108,52,Mine
20.jpg,1,2,24,127,141,Swamp
20.jpg,2,2,28,108,150,Home
20.jpg,3,2,43,141,66,Forest
20.jpg,4,2,105,239,151,Lake
20.jpg,0,3,24,66,47,Mine
20.jpg,1,3,23,65,45,Mine
20.jpg,2,3,43,200,157,Grassland
20.jpg,3,3,38,221,148,Grassland
20.jpg,4,3,105,238,149,Lake
20.jpg,0,4,26,235,204,Field
20.jpg,1,4,25,231,197,Field
20.jpg,2,4,26,233,201,Field
20.jpg,3,4,26,249,200,Field
20.jpg,4,4,26,240,198,Field
21.jpg,0,0,22,165,129,Swamp
21.jpg,1,0,42,220,163,Grassland
21.jpg,2,0,23,151,123,Swamp
21.jpg,3,0,26,245,204,Field
21.jpg,4,0,43,173,66,Forest
21.jpg,0,1,25,118,137,Swamp
21.jpg,1,1,43,215,164,Grassland
21.jpg,2,1,26,69,144,Swamp
21.jpg,3,1,26,229,205,Field
21.jpg,4,1,43,171,64,Forest
21.jpg,0,2,23,151,119,Swamp
21.jpg,1,2,43,231,144,Grassland
21.jpg,2,2,38,100,51,Home
21.jpg,3,2,26,239,206,Field
21.jpg,4,2,35,170,72,Forest
21.jpg,0,3,23,132,119,Swamp
21.jpg,1,3,39,210,140,Grassland
21.jpg,2,3,106,237,159,Lake
21.jpg,3,3,104,242,181,Lake
21.jpg,4,3,43,184,69,Forest
21.jpg,0,4,26,235,200,Field
21.jpg,1,4,38,198,148,Grassland
21.jpg,2,4,105,242,191,Lake
21.jpg,3,4,105,242,195,Lake
21.jpg,4,4,104,241,196,Lake
23.jpg,0,0,25,245,180,Field
23.jpg,1,0,40,232,141,Grassland
23.jpg,2,0,42,203,49,Forest
23.jpg,3,0,40,239,128,Grassland
23.jpg,4,0,107,253,138,Lake
23.jpg,0,1,26,251,195,Field
23.jpg,1,1,38,239,132,Grassland
23.jpg,2,1,42,231,145,Grassland
23.jpg,3,1,44,237,136,Grassland
23.jpg,4,1,26,250,184,Field
23.jpg,0,2,22,120,51,Mine
23.jpg,1,2,23,137,108,Swamp
23.jpg,2,2,22,146,77,Home
23.jpg,3,2,45,165,49,Forest
23.jpg,4,2,26,248,186,Field
23.jpg,0,3,22,121,56,Mine
23.jpg,1,3,24,122,54,Mine
23.jpg,2,3,26,247,195,Field
23.jpg,3,3,34,188,60,Forest
23.jpg,4,3,23,126,118,Swamp
23.jpg,0,4,26,249,200,Field
23.jpg,1,4,26,246,197,Field
23.jpg,2,4,26,250,195,Field
23.jpg,3,4,26,250,192,Field
23.jpg,4,4,26,246,181,Field
25.jpg,0,0,19,111,184,Unknown
25.jpg,1,0,106,237,203,Lake
25.jpg,2,0,106,235,162,Lake
25.jpg,3,0,106,224,163,Lake
25.jpg,4,0,26,231,203,Field
25.jpg,0,1,19,127,179,Unknown
25.jpg,1,1,46,133,70,Forest
25.jpg,2,1,45,158,68,Forest
25.jpg,3,1,106,244,184,Lake
25.jpg,4,1,26,234,198,Field
25.jpg,0,2,106,233,204,Lake
25.jpg,1,2,38,151,76,Forest
25.jpg,2,2,29,61,139,Home
25.jpg,3,2,106,248,184,Lake
25.jpg,4,2,26,232,206,Field
25.jpg,0,3,105,236,183,Lake
25.jpg,1,3,42,163,67,Forest
25.jpg,2,3,23,107,139,Swamp
25.jpg,3,3,24,118,67,Mine
25.jpg,4,3,26,240,206,Field
25.jpg,0,4,42,200,164,Grassland
25.jpg,1,4,35,157,76,Forest
25.jpg,2,4,22,133,76,Mine
25.jpg,3,4,23,60,44,Mine
25.jpg,4,4,26,228,200,Field
26.jpg,0,0,48,155,55,Forest
26.jpg,1,0,48,161,58,Forest
26.jpg,2,0,48,147,54,Forest
26.jpg,3,0,50,120,53,Forest
26.jpg,4,0,106,254,182,Lake
26.jpg,0,1,35,167,66,Forest
26.jpg,1,1,26,238,198,Field
26.jpg,2,1,44,147,62,Forest
26.jpg,3,1,51,121,57,Forest
26.jpg,4,1,106,254,186,Lake
26.jpg,0,2,24,85,51,Mine
26.jpg,1,2,26,234,201,Field
26.jpg,2,2,28,89,144,Home
26.jpg,3,2,50,102,60,Forest
26.jpg,4,2,106,238,151,Lake
26.jpg,0,3,26,229,203,Field
26.jpg,1,3,26,236,203,Field
26.jpg,2,3,38,152,69,Forest
26.jpg,3,3,47,139,59,Forest
26.jpg,4,3,106,248,180,Lake
26.jpg,0,4,105,237,158,Lake
26.jpg,1,4,105,251,198,Lake
26.jpg,2,4,105,252,197,Lake
26.jpg,3,4,106,252,195,Lake
26.jpg,4,4,106,251,186,Lake
27.jpg,0,0,43,207,160,Grassland
27.jpg,1,0,44,202,155,Grassland
27.jpg,2,0,26,239,195,Field
27.jpg,3,0,26,241,191,Field
27.jpg,4,0,26,239,190,Field
27.jpg,0,1,107,242,149,Lake
27.jpg,1,1,40,215,130,Grassland
27.jpg,2,1,38,213,135,Grassland
27.jpg,3,1,26,247,194,Field
27.jpg,4,1,45,150,56,Forest
27.jpg,0,2,105,251,186,Lake
27.jpg,1,2,38,212,142,Grassland
27.jpg,2,2,22,57,133,Home
27.jpg,3,2,26,241,194,Field
27.jpg,4,2,36,151,59,Forest
27.jpg,0,3,38,218,142,Grassland
27.jpg,1,3,43,208,162,Grassland
27.jpg,2,3,26,229,197,Field
27.jpg,3,3,26,236,186,Field
27.jpg,4,3,42,135,57,Forest
27.jpg,0,4,26,241,201,Field
27.jpg,1,4,45,207,158,Grassland
27.jpg,2,4,39,115,69,Forest
27.jpg,3,4,43,121,65,Forest
27.jpg,4,4,48,105,65,Forest
29.jpg,0,0,26,233,197,Field
29.jpg,1,0,26,236,193,Field
29.jpg,2,0,26,235,201,Field
29.jpg,3,0,26,243,202,Field
29.jpg,4,0,26,230,197,Field
29.jpg,0,1,105,227,155,Lake
29.jpg,1,1,105,249,175,Lake
29.jpg,2,1,105,250,172,Lake
29.jpg,3,1,24,113,51,Mine
29.jpg,4,1,24,61,40,Mine
29.jpg,0,2,105,239,152,Lake
29.jpg,1,2,46,157,60,Forest
29.jpg,2,2,33,91,75,Home
29.jpg,3,2,24,114,128,Swamp
29.jpg,4,2,22,145,86,Mine
29.jpg,0,3,105,242,192,Lake
29.jpg,1,3,46,133,67,Forest
29.jpg,2,3,38,155,73,Forest
29.jpg,3,3,42,163,64,Forest
29.jpg,4,3,35,161,73,Forest
29.jpg,0,4,20,110,182,Unknown
29.jpg,1,4,20,129,176,Unknown
29.jpg,2,4,105,238,195,Lake
29.jpg,3,4,104,237,171,Lake
29.jpg,4,4,42,202,161,Grassland
3.jpg,0,0,22,147,97,Swamp
3.jpg,1,0,25,243,168,Field
3.jpg,2,0,43,166,46,Forest
3.jpg,3,0,47,136,40,Forest
3.jpg,4,0,48,143,39,Forest
3.jpg,0,1,26,249,185,Field
3.jpg,1,1,26,237,183,Field
3.jpg,2,1,38,125,51,Forest
3.jpg,3,1,50,132,40,Forest
3.jpg,4,1,50,143,42,Forest
3.jpg,0,2,24,75,36,Mine
3.jpg,1,2,25,239,172,Field
3.jpg,2,2,29,66,110,Home
3.jpg,3,2,46,154,40,Forest
3.jpg,4,2,106,250,137,Lake
3.jpg,0,3,26,248,188,Field
3.jpg,1,3,35,182,54,Forest
3.jpg,2,3,43,189,44,Forest
3.jpg,3,3,37,182,49,Forest
3.jpg,4,3,107,253,151,Lake
3.jpg,0,4,106,252,159,Lake
3.jpg,1,4,106,254,164,Lake
3.jpg,2,4,106,252,151,Lake
3.jpg,3,4,45,168,44,Forest
3.jpg,4,4,106,249,118,Lake
30.jpg,0,0,48,163,53,Forest
30.jpg,1,0,48,161,56,Forest
30.jpg,2,0,48,150,52,Forest
30.jpg,3,0,50,123,52,Forest
30.jpg,4,0,106,254,174,Lake
30.jpg,0,1,36,170,63,Forest
30.jpg,1,1,26,241,193,Field
30.jpg,2,1,41,136,69,Forest
30.jpg,3,1,52,129,53,Forest
30.jpg,4,1,106,255,178,Lake
30.jpg,0,2,25,90,49,Mine
30.jpg,1,2,26,235,196,Field
30.jpg,2,2,29,148,89,Home
30.jpg,3,2,51,106,53,Forest
30.jpg,4,2,105,241,145,Lake
30.jpg,0,3,26,230,199,Field
30.jpg,1,3,26,238,199,Field
30.jpg,2,3,38,164,67,Forest
30.jpg,3,3,48,143,57,Forest
30.jpg,4,3,105,250,172,Lake
30.jpg,0,4,105,240,150,Lake
30.jpg,1,4,105,252,189,Lake
30.jpg,2,4,105,254,188,Lake
30.jpg,3,4,105,254,187,Lake
30.jpg,4,4,106,252,178,Lake
31.jpg,0,0,43,210,158,Grassland
31.jpg,1,0,44,207,152,Grassland
31.jpg,2,0,26,241,192,Field
31.jpg,3,0,26,243,189,Field
31.jpg,4,0,26,240,188,Field
31.jpg,0,1,106,244,144,Lake
31.jpg,1,1,40,219,129,Grassland
31.jpg,2,1,39,207,126,Grassland
31.jpg,3,1,26,247,192,Field
31.jpg,4,1,45,151,56,Forest
31.jpg,0,2,105,252,179,Lake
31.jpg,1,2,38,216,139,Grassland
31.jpg,2,2,24,126,82,Home
31.jpg,3,2,26,241,192,Field
31.jpg,4,2,36,153,59,Forest
31.jpg,0,3,39,222,143,Grassland
31.jpg,1,3,43,210,161,Grassland
31.jpg,2,3,26,230,195,Field
31.jpg,3,3,26,237,184,Field
31.jpg,4,3,42,140,58,Forest
31.jpg,0,4,26,241,200,Field
31.jpg,1,4,45,208,157,Grassland
31.jpg,2,4,39,118,69,Forest
31.jpg,3,4,43,121,64,Forest
31.jpg,4,4,48,108,67,Forest
32.jpg,0,0,21,106,54,Mine
32.jpg,1,0,24,101,51,Mine
32.jpg,2,0,26,236,203,Field
32.jpg,3,0,26,233,199,Field
32.jpg,4,0,23,103,140,Swamp
32.jpg,0,1,22,132,133,Swamp
32.jpg,1,1,23,137,123,Swamp
32.jpg,2,1,42,225,159,Grassland
32.jpg,3,1,41,214,155,Grassland
32.jpg,4,1,43,159,62,Forest
32.jpg,0,2,22,152,133,Swamp
32.jpg,1,2,25,109,137,Swamp
32.jpg,2,2,23,118,123,Swamp
32.jpg,3,2,41,206,160,Grassland
32.jpg,4,2,35,65,86,Home
32.jpg,0,3,22,148,125,Swamp
32.jpg,1,3,22,131,121,Swamp
32.jpg,2,3,26,63,142,Swamp
32.jpg,3,3,44,194,154,Grassland
32.jpg,4,3,42,209,154,Grassland
32.jpg,0,4,26,245,200,Field
32.jpg,1,4,26,240,199,Field
32.jpg,2,4,26,228,198,Field
32.jpg,3,4,26,230,197,Field
32.jpg,4,4,25,233,187,Field
33.jpg,0,0,35,204,94,Grassland
33.jpg,1,0,26,250,159,Field
33.jpg,2,0,108,248,116,Lake
33.jpg,3,0,108,253,146,Lake
33.jpg,4,0,108,245,118,Lake
33.jpg,0,1,26,253,159,Field
33.jpg,1,1,25,246,151,Field
33.jpg,2,1,22,73,94,Swamp
33.jpg,3,1,25,247,167,Field
33.jpg,4,1,50,101,42,Forest
33.jpg,0,2,108,248,116,Lake
33.jpg,1,2,26,247,163,Field
33.jpg,2,2,29,81,103,Home
33.jpg,3,2,48,121,37,Forest
33.jpg,4,2,50,124,39,Forest
33.jpg,0,3,108,252,139,Lake
33.jpg,1,3,46,167,36,Forest
33.jpg,2,3,48,151,38,Forest
33.jpg,3,3,43,143,40,Forest
33.jpg,4,3,18,168,133,Unknown
33.jpg,0,4,108,252,146,Lake
33.jpg,1,4,45,168,36,Forest
33.jpg,2,4,25,254,170,Field
33.jpg,3,4,25,254,173,Field
33.jpg,4,4,18,182,132,Unknown
35.jpg,0,0,20,79,79,Swamp
35.jpg,1,0,25,241,166,Field
35.jpg,2,0,60,78,37,Forest
35.jpg,3,0,60,83,38,Forest
35.jpg,4,0,57,85,37,Forest
35.jpg,0,1,21,40,101,Swamp
35.jpg,1,1,35,102,42,Forest
35.jpg,2,1,49,111,38,Forest
35.jpg,3,1,108,250,116,Lake
35.jpg,4,1,108,255,153,Lake
35.jpg,0,2,25,246,172,Field
35.jpg,1,2,25,254,171,Field
35.jpg,2,2,30,57,100,Home
35.jpg,3,2,109,253,147,Lake
35.jpg,4,2,109,255,151,Lake
35.jpg,0,3,25,252,174,Field
35.jpg,1,3,25,254,172,Field
35.jpg,2,3,25,246,161,Field
35.jpg,3,3,108,255,157,Lake
35.jpg,4,3,109,255,153,Lake
35.jpg,0,4,23,113,57,Mine
35.jpg,1,4,24,88,28,Mine
35.jpg,2,4,23,77,35,Mine
35.jpg,3,4,24,97,36,Mine
35.jpg,4,4,21,108,91,Swamp
36.jpg,0,0,25,254,181,Field
36.jpg,1,0,35,173,49,Forest
36.jpg,2,0,40,158,44,Forest
36.jpg,3,0,43,161,43,Forest
36.jpg,4,0,21,121,88,Swamp
36.jpg,0,1,24,249,174,Field
36.jpg,1,1,25,251,182,Field
36.jpg,2,1,44,166,47,Forest
36.jpg,3,1,29,57,101,Home
36.jpg,4,1,40,219,130,Grassland
36.jpg,0,2,40,227,129,Grassland
36.jpg,1,2,25,250,177,Field
36.jpg,2,2,40,168,49,Forest
36.jpg,3,2,36,154,49,Forest
36.jpg,4,2,43,212,133,Grassland
36.jpg,0,3,107,254,171,Lake
36.jpg,1,3,34,184,56,Forest
36.jpg,2,3,35,174,52,Forest
36.jpg,3,3,41,222,128,Grassland
36.jpg,4,3,42,227,130,Grassland
36.jpg,0,4,107,253,168,Lake
36.jpg,1,4,25,252,174,Field
36.jpg,2,4,108,253,148,Lake
36.jpg,3,4,37,223,97,Grassland
36.jpg,4,4,108,253,137,Lake
37.jpg,0,0,35,199,93,Grassland
37.jpg,1,0,26,250,160,Field
37.jpg,2,0,108,245,110,Lake
37.jpg,3,0,108,253,139,Lake
37.jpg,4,0,108,242,117,Lake
37.jpg,0,1,26,255,159,Field
37.jpg,1,1,25,246,142,Field
37.jpg,2,1,22,89,89,Swamp
37.jpg,3,1,25,250,167,Field
37.jpg,4,1,50,105,42,Forest
37.jpg,0,2,108,247,114,Lake
37.jpg,1,2,26,249,160,Field
37.jpg,2,2,31,156,65,Home
37.jpg,3,2,45,138,36,Forest
37.jpg,4,2,46,144,38,Forest
37.jpg,0,3,108,252,137,Lake
37.jpg,1,3,43,170,36,Forest
37.jpg,2,3,46,158,38,Forest
37.jpg,3,3,42,156,40,Forest
37.jpg,4,3,19,187,132,Unknown
37.jpg,0,4,108,252,143,Lake
37.jpg,1,4,43,178,36,Forest
37.jpg,2,4,25,255,170,Field
37.jpg,3,4,25,254,173,Field
37.jpg,4,4,18,200,130,Unknown
38.jpg,0,0,24,102,85,Swamp
38.jpg,1,0,21,164,74,Swamp
38.jpg,2,0,23,125,68,Home
38.jpg,3,0,46,228,103,Grassland
38.jpg,4,0,45,203,115,Grassland
38.jpg,0,1,21,131,80,Swamp
38.jpg,1,1,25,255,164,Field
38.jpg,2,1,25,252,165,Field
38.jpg,3,1,45,195,110,Grassland
38.jpg,4,1,39,201,95,Grassland
38.jpg,0,2,22,109,84,Swamp
38.jpg,1,2,24,97,50,Mine
38.jpg,2,2,25,252,167,Field
38.jpg,3,2,25,249,164,Field
38.jpg,4,2,25,249,167,Field
38.jpg,0,3,22,138,79,Swamp
38.jpg,1,3,43,234,114,Grassland
38.jpg,2,3,25,242,168,Field
38.jpg,3,3,42,87,43,Forest
38.jpg,4,3,24,240,155,Field
38.jpg,0,4,45,146,40,Forest
38.jpg,1,4,41,222,112,Grassland
38.jpg,2,4,25,246,171,Field
38.jpg,3,4,24,75,44,Mine
38.jpg,4,4,108,252,142,Lake
4.jpg,0,0,105,241,144,Lake
4.jpg,1,0,26,239,196,Field
4.jpg,2,0,26,240,189,Field
4.jpg,3,0,23,112,130,Swamp
4.jpg,4,0,26,247,191,Field
4.jpg,0,1,105,250,160,Lake
4.jpg,1,1,26,242,190,Field
4.jpg,2,1,37,228,139,Grassland
4.jpg,3,1,44,204,145,Grassland
4.jpg,4,1,26,247,190,Field
4.jpg,0,2,106,253,164,Lake
4.jpg,1,2,26,239,194,Field
4.jpg,2,2,26,250,193,Field
4.jpg,3,2,26,235,190,Field
4.jpg,4,2,26,243,189,Field
4.jpg,0,3,105,240,142,Lake
4.jpg,1,3,26,235,192,Field
4.jpg,2,3,26,246,191,Field
4.jpg,3,3,37,168,59,Forest
4.jpg,4,3,35,165,57,Forest
4.jpg,0,4,105,253,173,Lake
4.jpg,1,4,105,254,173,Lake
4.jpg,2,4,29,65,122,Home
4.jpg,3,4,106,254,165,Lake
4.jpg,4,4,106,253,163,Lake
40.jpg,0,0,25,252,182,Field
40.jpg,1,0,34,172,51,Forest
40.jpg,2,0,40,155,45,Forest
40.jpg,3,0,43,151,43,Forest
40.jpg,4,0,21,113,95,Swamp
40.jpg,0,1,24,248,172,Field
40.jpg,1,1,25,248,183,Field
40.jpg,2,1,45,153,44,Forest
40.jpg,3,1,35,72,66,Home
40.jpg,4,1,40,208,128,Grassland
40.jpg,0,2,40,228,128,Grassland
40.jpg,1,2,25,251,173,Field
40.jpg,2,2,40,169,47,Forest
40.jpg,3,2,36,160,45,Forest
40.jpg,4,2,43,216,120,Grassland
40.jpg,0,3,108,253,138,Lake
40.jpg,1,3,35,177,35,Forest
40.jpg,2,3,36,155,33,Forest
40.jpg,3,3,43,232,86,Grassland
40.jpg,4,3,45,227,94,Grassland
40.jpg,0,4,109,253,128,Lake
40.jpg,1,4,25,253,135,Field
40.jpg,2,4,109,253,125,Lake
40.jpg,3,4,39,222,74,Grassland
40.jpg,4,4,109,253,132,Lake
41.jpg,0,0,25,251,174,Field
41.jpg,1,0,21,77,106,Swamp
41.jpg,2,0,25,244,166,Field
41.jpg,3,0,43,144,44,Forest
41.jpg,4,0,108,248,130,Lake
41.jpg,0,1,37,208,111,Grassland
41.jpg,1,1,45,196,121,Grassland
41.jpg,2,1,25,243,176,Field
41.jpg,3,1,25,246,176,Field
41.jpg,4,1,108,254,156,Lake
41.jpg,0,2,43,158,42,Forest
41.jpg,1,2,107,251,151,Lake
41.jpg,2,2,108,253,161,Lake
41.jpg,3,2,108,254,168,Lake
41.jpg,4,2,108,255,170,Lake
41.jpg,0,3,23,98,38,Mine
41.jpg,1,3,21,115,95,Swamp
41.jpg,2,3,25,252,179,Field
41.jpg,3,3,36,156,47,Forest
41.jpg,4,3,107,254,172,Lake
41.jpg,0,4,23,120,56,Mine
41.jpg,1,4,25,252,180,Field
41.jpg,2,4,25,251,181,Field
41.jpg,3,4,45,162,46,Forest
41.jpg,4,4,26,85,121,Home
43.jpg,0,0,33,166,52,Forest
43.jpg,1,0,43,162,45,Forest
43.jpg,2,0,41,151,45,Forest
43.jpg,3,0,25,248,173,Field
43.jpg,4,0,25,239,170,Field
43.jpg,0,1,41,215,129,Grassland
43.jpg,1,1,40,224,125,Grassland
43.jpg,2,1,41,218,129,Grassland
43.jpg,3,1,25,245,169,Field
43.jpg,4,1,24,69,37,Mine
43.jpg,0,2,108,243,134,Lake
43.jpg,1,2,38,220,110,Grassland
43.jpg,2,2,28,49,100,Home
43.jpg,3,2,25,243,170,Field
43.jpg,4,2,25,77,36,Mine
43.jpg,0,3,20,138,73,Swamp
43.jpg,1,3,42,244,109,Grassland
43.jpg,2,3,40,239,92,Grassland
43.jpg,3,3,25,255,153,Field
43.jpg,4,3,44,214,106,Grassland
43.jpg,0,4,109,253,124,Lake
43.jpg,1,4,39,227,72,Grassland
43.jpg,2,4,45,225,86,Grassland
43.jpg,3,4,46,193,87,Grassland
43.jpg,4,4,48,184,86,Grassland
44.jpg,0,0,26,251,172,Field
44.jpg,1,0,21,76,104,Swamp
44.jpg,2,0,25,245,167,Field
44.jpg,3,0,45,141,44,Forest
44.jpg,4,0,108,249,132,Lake
44.jpg,0,1,37,209,110,Grassland
44.jpg,1,1,45,195,119,Grassland
44.jpg,2,1,25,242,175,Field
44.jpg,3,1,25,246,176,Field
44.jpg,4,1,108,254,156,Lake
44.jpg,0,2,43,155,40,Forest
44.jpg,1,2,107,251,151,Lake
44.jpg,2,2,108,253,161,Lake
44.jpg,3,2,108,255,168,Lake
44.jpg,4,2,108,255,170,Lake
44.jpg,0,3,23,96,35,Mine
44.jpg,1,3,21,117,95,Swamp
44.jpg,2,3,25,252,177,Field
44.jpg,3,3,37,155,46,Forest
44.jpg,4,3,107,252,168,Lake
44.jpg,0,4,23,118,54,Mine
44.jpg,1,4,25,252,178,Field
44.jpg,2,4,25,251,179,Field
44.jpg,3,4,45,160,42,Forest
44.jpg,4,4,25,119,79,Home
45.jpg,0,0,48,178,36,Forest
45.jpg,1,0,25,253,164,Field
45.jpg,2,0,21,126,79,Swamp
45.jpg,3,0,25,255,166,Field
45.jpg,4,0,41,213,114,Grassland
45.jpg,0,1,51,160,43,Forest
45.jpg,1,1,25,250,165,Field
45.jpg,2,1,22,42,96,Swamp
45.jpg,3,1,21,115,77,Swamp
45.jpg,4,1,21,81,79,Swamp
45.jpg,0,2,101,102,83,Home
45.jpg,1,2,25,253,165,Field
45.jpg,2,2,24,81,39,Mine
45.jpg,3,2,20,111,84,Swamp
45.jpg,4,2,23,61,93,Swamp
45.jpg,0,3,43,124,42,Forest
45.jpg,1,3,25,250,171,Field
45.jpg,2,3,25,239,170,Field
45.jpg,3,3,108,247,128,Lake
45.jpg,4,3,108,255,170,Lake
45.jpg,0,4,50,123,44,Forest
45.jpg,1,4,39,126,45,Forest
45.jpg,2,4,50,108,41,Forest
45.jpg,3,4,108,251,157,Lake
45.jpg,4,4,108,255,172,Lake
46.jpg,0,0,25,232,160,Field
46.jpg,1,0,108,251,151,Lake
46.jpg,2,0,109,253,162,Lake
46.jpg,3,0,51,122,37,Forest
46.jpg,4,0,46,122,36,Forest
46.jpg,0,1,25,236,172,Field
46.jpg,1,1,25,234,171,Field
46.jpg,2,1,40,79,46,Forest
46.jpg,3,1,60,81,38,Forest
46.jpg,4,1,58,85,37,Forest
46.jpg,0,2,25,242,172,Field
46.jpg,1,2,108,242,131,Lake
46.jpg,2,2,58,89,42,Forest
46.jpg,3,2,52,94,37,Forest
46.jpg,4,2,22,78,82,Swamp
46.jpg,0,3,25,252,175,Field
46.jpg,1,3,108,249,133,Lake
46.jpg,2,3,108,254,164,Lake
46.jpg,3,3,38,141,40,Forest
46.jpg,4,3,24,107,39,Mine
46.jpg,0,4,25,251,177,Field
46.jpg,1,4,25,248,175,Field
46.jpg,2,4,25,244,171,Field
46.jpg,3,4,38,119,42,Forest
46.jpg,4,4,32,88,59,Home
47.jpg,0,0,35,158,51,Forest
47.jpg,1,0,43,157,44,Forest
47.jpg,2,0,42,149,44,Forest
47.jpg,3,0,25,248,171,Field
47.jpg,4,0,25,240,168,Field
47.jpg,0,1,41,216,129,Grassland
47.jpg,1,1,40,226,122,Grassland
47.jpg,2,1,42,225,123,Grassland
47.jpg,3,1,25,248,162,Field
47.jpg,4,1,23,80,34,Mine
47.jpg,0,2,108,244,134,Lake
47.jpg,1,2,39,218,102,Grassland
47.jpg,2,2,32,77,53,Home
47.jpg,3,2,25,244,154,Field
47.jpg,4,2,30,67,29,Mine
47.jpg,0,3,20,136,89,Swamp
47.jpg,1,3,42,241,118,Grassland
47.jpg,2,3,39,240,100,Grassland
47.jpg,3,3,25,253,162,Field
47.jpg,4,3,44,209,110,Grassland
47.jpg,0,4,109,253,138,Lake
47.jpg,1,4,38,221,82,Grassland
47.jpg,2,4,44,223,98,Grassland
47.jpg,3,4,46,192,97,Grassland
47.jpg,4,4,48,180,94,Grassland
48.jpg,0,0,108,253,135,Lake
48.jpg,1,0,21,105,81,Swamp
48.jpg,2,0,25,254,170,Field
48.jpg,3,0,48,119,39,Forest
48.jpg,4,0,50,119,40,Forest
48.jpg,0,1,25,249,159,Field
48.jpg,1,1,25,252,168,Field
48.jpg,2,1,25,254,171,Field
48.jpg,3,1,25,253,173,Field
48.jpg,4,1,36,155,44,Forest
48.jpg,0,2,25,250,160,Field
48.jpg,1,2,25,252,170,Field
48.jpg,2,2,26,88,114,Home
48.jpg,3,2,25,248,174,Field
48.jpg,4,2,38,137,46,Forest
48.jpg,0,3,21,83,98,Swamp
48.jpg,1,3,24,73,29,Mine
48.jpg,2,3,23,96,33,Mine
48.jpg,3,3,25,254,176,Field
48.jpg,4,3,25,246,176,Field
48.jpg,0,4,20,138,89,Swamp
48.jpg,1,4,22,93,100,Swamp
48.jpg,2,4,21,112,94,Swamp
48.jpg,3,4,20,124,90,Swamp
48.jpg,4,4,21,53,114,Swamp
49.jpg,0,0,25,253,160,Field
49.jpg,1,0,109,253,135,Lake
49.jpg,2,0,109,250,109,Lake
49.jpg,3,0,46,155,35,Forest
49.jpg,4,0,56,93,40,Forest
49.jpg,0,1,25,253,163,Field
49.jpg,1,1,51,123,37,Forest
49.jpg,2,1,24,89,43,Mine
49.jpg,3,1,25,246,164,Field
49.jpg,4,1,108,254,163,Lake
49.jpg,0,2,21,99,81,Swamp
49.jpg,1,2,41,208,116,Grassland
49.jpg,2,2,23,34,92,Home
49.jpg,3,2,108,253,156,Lake
49.jpg,4,2,108,255,165,Lake
49.jpg,0,3,37,213,101,Grassland
49.jpg,1,3,42,214,110,Grassland
49.jpg,2,3,52,94,37,Forest
49.jpg,3,3,108,251,154,Lake
49.jpg,4,3,108,249,149,Lake
49.jpg,0,4,25,254,171,Field
49.jpg,1,4,25,249,171,Field
49.jpg,2,4,38,112,44,Forest
49.jpg,3,4,53,94,40,Forest
49.jpg,4,4,56,88,41,Forest
5.jpg,0,0,43,210,162,Grassland
5.jpg,1,0,105,251,189,Lake
5.jpg,2,0,45,162,67,Forest
5.jpg,3,0,41,155,63,Forest
5.jpg,4,0,43,168,64,Forest
5.jpg,0,1,44,208,162,Grassland
5.jpg,1,1,46,165,62,Forest
5.jpg,2,1,43,172,64,Forest
5.jpg,3,1,36,167,69,Forest
5.jpg,4,1,42,213,158,Grassland
5.jpg,0,2,41,206,160,Grassland
5.jpg,1,2,23,120,110,Swamp
5.jpg,2,2,32,133,70,Home
5.jpg,3,2,43,172,61,Forest
5.jpg,4,2,40,219,154,Grassland
5.jpg,0,3,43,219,156,Grassland
5.jpg,1,3,23,138,121,Swamp
5.jpg,2,3,104,250,186,Lake
5.jpg,3,3,37,211,150,Grassland
5.jpg,4,3,39,226,149,Grassland
5.jpg,0,4,48,99,66,Forest
5.jpg,1,4,105,226,157,Lake
5.jpg,2,4,106,225,150,Lake
5.jpg,3,4,39,208,139,Grassland
5.jpg,4,4,26,243,205,Field
50.jpg,0,0,48,135,40,Forest
50.jpg,1,0,43,134,36,Forest
50.jpg,2,0,36,140,38,Forest
50.jpg,3,0,25,253,162,Field
50.jpg,4,0,45,228,102,Grassland
50.jpg,0,1,48,150,42,Forest
50.jpg,1,1,37,150,42,Forest
50.jpg,2,1,42,133,37,Forest
50.jpg,3,1,25,252,154,Field
50.jpg,4,1,43,224,110,Grassland
50.jpg,0,2,48,139,41,Forest
50.jpg,1,2,108,253,165,Lake
50.jpg,2,2,90,54,101,Home
50.jpg,3,2,25,250,165,Field
50.jpg,4,2,44,204,103,Grassland
50.jpg,0,3,108,254,166,Lake
50.jpg,1,3,108,248,127,Lake
50.jpg,2,3,25,246,169,Field
50.jpg,3,3,24,247,157,Field
50.jpg,4,3,23,101,36,Mine
50.jpg,0,4,108,253,162,Lake
50.jpg,1,4,108,255,156,Lake
50.jpg,2,4,109,253,152,Lake
50.jpg,3,4,21,83,78,Swamp
50.jpg,4,4,24,70,47,Mine
51.jpg,0,0,37,225,107,Grassland
51.jpg,1,0,41,219,127,Grassland
51.jpg,2,0,107,246,134,Lake
51.jpg,3,0,108,248,132,Lake
51.jpg,4,0,25,248,179,Field
51.jpg,0,1,108,249,134,Lake
51.jpg,1,1,35,158,49,Forest
51.jpg,2,1,48,119,47,Forest
51.jpg,3,1,25,90,31,Mine
51.jpg,4,1,25,252,174,Field
51.jpg,0,2,44,156,47,Forest
51.jpg,1,2,43,149,47,Forest
51.jpg,2,2,26,54,99,Home
51.jpg,3,2,42,220,121,Grassland
51.jpg,4,2,25,246,161,Field
51.jpg,0,3,25,254,178,Field
51.jpg,1,3,20,145,78,Mine
51.jpg,2,3,108,253,149,Lake
51.jpg,3,3,43,234,112,Grassland
51.jpg,4,3,25,253,152,Field
51.jpg,0,4,39,248,81,Grassland
51.jpg,1,4,43,248,84,Grassland
51.jpg,2,4,39,224,74,Grassland
51.jpg,3,4,45,224,85,Grassland
51.jpg,4,4,25,255,137,Field
53.jpg,0,0,26,244,161,Field
53.jpg,1,0,109,255,156,Lake
53.jpg,2,0,109,251,124,Lake
53.jpg,3,0,58,108,41,Forest
53.jpg,4,0,74,80,48,Forest
53.jpg,0,1,26,243,163,Field
53.jpg,1,1,57,111,39,Forest
53.jpg,2,1,105,108,54,Mine
53.jpg,3,1,26,219,164,Field
53.jpg,4,1,108,254,187,Lake
53.jpg,0,2,23,59,81,Swamp
53.jpg,1,2,46,173,122,Grassland
53.jpg,2,2,33,126,62,Home
53.jpg,3,2,108,253,170,Lake
53.jpg,4,2,108,254,188,Lake
53.jpg,0,3,41,174,107,Grassland
53.jpg,1,3,47,172,118,Grassland
53.jpg,2,3,62,83,43,Forest
53.jpg,3,3,107,248,174,Lake
53.jpg,4,3,107,247,171,Lake
53.jpg,0,4,26,235,170,Field
53.jpg,1,4,26,227,170,Field
53.jpg,2,4,48,72,51,Forest
53.jpg,3,4,72,84,49,Forest
53.jpg,4,4,77,85,53,Forest
54.jpg,0,0,66,87,51,Forest
54.jpg,1,0,62,82,46,Forest
54.jpg,2,0,55,70,46,Forest
54.jpg,3,0,26,223,164,Field
54.jpg,4,0,51,157,113,Grassland
54.jpg,0,1,56,108,47,Forest
54.jpg,1,1,46,104,44,Forest
54.jpg,2,1,56,92,43,Forest
54.jpg,3,1,26,232,147,Field
54.jpg,4,1,47,190,120,Grassland
54.jpg,0,2,55,104,45,Forest
54.jpg,1,2,108,254,179,Lake
54.jpg,2,2,37,94,71,Home
54.jpg,3,2,26,232,163,Field
54.jpg,4,2,48,170,111,Grassland
54.jpg,0,3,108,254,185,Lake
54.jpg,1,3,108,247,138,Lake
54.jpg,2,3,26,230,169,Field
54.jpg,3,3,25,228,159,Field
54.jpg,4,3,30,62,35,Mine
54.jpg,0,4,107,254,188,Lake
54.jpg,1,4,108,255,184,Lake
54.jpg,2,4,108,254,182,Lake
54.jpg,3,4,22,68,92,Swamp
54.jpg,4,4,26,71,43,Mine
55.jpg,0,0,41,198,113,Grassland
55.jpg,1,0,45,192,133,Grassland
55.jpg,2,0,107,247,147,Lake
55.jpg,3,0,108,249,145,Lake
55.jpg,4,0,26,231,179,Field
55.jpg,0,1,108,250,150,Lake
55.jpg,1,1,39,127,50,Forest
55.jpg,2,1,55,97,53,Forest
55.jpg,3,1,28,82,37,Mine
55.jpg,4,1,26,240,181,Field
55.jpg,0,2,50,132,49,Forest
55.jpg,1,2,48,125,44,Forest
55.jpg,2,2,38,62,68,Home
55.jpg,3,2,44,195,133,Grassland
55.jpg,4,2,25,227,173,Field
55.jpg,0,3,26,245,186,Field
55.jpg,1,3,21,117,93,Swamp
55.jpg,2,3,107,254,181,Lake
55.jpg,3,3,46,196,139,Grassland
55.jpg,4,3,26,233,174,Field
55.jpg,0,4,39,217,124,Grassland
55.jpg,1,4,43,219,133,Grassland
55.jpg,2,4,39,197,120,Grassland
55.jpg,3,4,46,193,131,Grassland
55.jpg,4,4,26,241,169,Field
57.jpg,0,0,38,248,107,Grassland
57.jpg,1,0,31,205,39,Forest
57.jpg,2,0,40,246,104,Grassland
57.jpg,3,0,38,234,114,Grassland
57.jpg,4,0,108,253,141,Lake
57.jpg,0,1,39,246,113,Grassland
57.jpg,1,1,37,223,33,Forest
57.jpg,2,1,35,239,98,Grassland
57.jpg,3,1,23,254,177,Field
57.jpg,4,1,40,157,38,Forest
57.jpg,0,2,39,236,114,Grassland
57.jpg,1,2,37,244,105,Grassland
57.jpg,2,2,38,237,109,Grassland
57.jpg,3,2,23,246,168,Field
57.jpg,4,2,22,55,100,Home
57.jpg,0,3,37,229,117,Grassland
57.jpg,1,3,19,155,89,Swamp
57.jpg,2,3,39,199,111,Grassland
57.jpg,3,3,23,241,179,Field
57.jpg,4,3,23,245,167,Field
57.jpg,0,4,38,241,113,Grassland
57.jpg,1,4,19,157,87,Swamp
57.jpg,2,4,34,196,104,Grassland
57.jpg,3,4,106,252,150,Lake
57.jpg,4,4,107,249,133,Lake
58.jpg,0,0,23,246,184,Field
58.jpg,1,0,19,116,109,Swamp
58.jpg,2,0,17,123,90,Swamp
58.jpg,3,0,23,252,177,Field
58.jpg,4,0,23,122,112,Home
58.jpg,0,1,20,75,38,Mine
58.jpg,1,1,20,101,36,Mine
58.jpg,2,1,23,254,181,Field
58.jpg,3,1,23,255,179,Field
58.jpg,4,1,29,180,42,Forest
58.jpg,0,2,20,73,33,Mine
58.jpg,1,2,23,248,177,Field
58.jpg,2,2,23,254,184,Field
58.jpg,3,2,38,191,41,Forest
58.jpg,4,2,35,176,39,Forest
58.jpg,0,3,108,241,118,Lake
58.jpg,1,3,23,255,189,Field
58.jpg,2,3,23,255,186,Field
58.jpg,3,3,23,254,183,Field
58.jpg,4,3,30,180,46,Forest
58.jpg,0,4,35,231,106,Grassland
58.jpg,1,4,35,241,111,Grassland
58.jpg,2,4,23,254,185,Field
58.jpg,3,4,35,185,42,Forest
58.jpg,4,4,36,179,42,Forest
59.jpg,0,0,19,147,63,Mine
59.jpg,1,0,23,254,197,Field
59.jpg,2,0,22,91,117,Home
59.jpg,3,0,23,251,196,Field
59.jpg,4,0,107,252,150,Lake
59.jpg,0,1,29,214,59,Forest
59.jpg,1,1,23,254,198,Field
59.jpg,2,1,106,239,132,Lake
59.jpg,3,1,23,245,197,Field
59.jpg,4,1,106,241,133,Lake
59.jpg,0,2,35,184,53,Forest
59.jpg,1,2,23,250,200,Field
59.jpg,2,2,23,250,199,Field
59.jpg,3,2,23,248,187,Field
59.jpg,4,2,107,252,147,Lake
59.jpg,0,3,36,196,44,Forest
59.jpg,1,3,36,198,38,Forest
59.jpg,2,3,22,252,150,Field
59.jpg,3,3,18,124,89,Swamp
59.jpg,4,3,108,255,126,Lake
59.jpg,0,4,35,185,25,Forest
59.jpg,1,4,35,164,25,Forest
59.jpg,2,4,35,170,27,Forest
59.jpg,3,4,35,167,26,Forest
59.jpg,4,4,108,251,116,Lake
60.jpg,0,0,20,107,37,Mine
60.jpg,1,0,40,120,39,Forest
60.jpg,2,0,107,247,126,Lake
60.jpg,3,0,106,253,152,Lake
60.jpg,4,0,107,255,154,Lake
60.jpg,0,1,24,254,183,Field
60.jpg,1,1,36,164,42,Forest
60.jpg,2,1,106,250,142,Lake
60.jpg,3,1,106,253,154,Lake
60.jpg,4,1,106,254,156,Lake
60.jpg,0,2,24,254,185,Field
60.jpg,1,2,23,248,186,Field
60.jpg,2,2,21,148,57,Mine
60.jpg,3,2,106,253,154,Lake
60.jpg,4,2,106,248,129,Lake
60.jpg,0,3,19,175,93,Swamp
60.jpg,1,3,19,98,120,Swamp
60.jpg,2,3,18,145,101,Swamp
60.jpg,3,3,30,197,51,Forest
60.jpg,4,3,35,211,42,Forest
60.jpg,0,4,18,180,104,Swamp
60.jpg,1,4,20,138,111,Swamp
60.jpg,2,4,17,116,74,Home
60.jpg,3,4,23,251,186,Field
60.jpg,4,4,32,164,54,Forest
61.jpg,0,0,38,248,109,Grassland
61.jpg,1,0,32,204,40,Forest
61.jpg,2,0,40,245,107,Grassland
61.jpg,3,0,38,241,115,Grassland
61.jpg,4,0,108,253,143,Lake
61.jpg,0,1,38,245,115,Grassland
61.jpg,1,1,37,225,34,Forest
61.jpg,2,1,35,241,103,Grassland
61.jpg,3,1,23,255,178,Field
61.jpg,4,1,40,134,54,Forest
61.jpg,0,2,39,236,116,Grassland
61.jpg,1,2,37,245,107,Grassland
61.jpg,2,2,38,238,111,Grassland
61.jpg,3,2,23,248,164,Field
61.jpg,4,2,23,124,73,Home
61.jpg,0,3,37,227,119,Grassland
61.jpg,1,3,19,155,92,Swamp
61.jpg,2,3,38,202,113,Grassland
61.jpg,3,3,23,241,182,Field
61.jpg,4,3,23,246,174,Field
61.jpg,0,4,38,242,115,Grassland
61.jpg,1,4,19,163,89,Swamp
61.jpg,2,4,34,202,107,Grassland
61.jpg,3,4,106,252,151,Lake
61.jpg,4,4,107,249,135,Lake
62.jpg,0,0,23,244,188,Field
62.jpg,1,0,18,113,112,Swamp
62.jpg,2,0,17,122,96,Swamp
62.jpg,3,0,23,251,181,Field
62.jpg,4,0,23,201,80,Home
62.jpg,0,1,20,69,35,Mine
62.jpg,1,1,20,105,39,Mine
62.jpg,2,1,23,254,186,Field
62.jpg,3,1,23,254,184,Field
62.jpg,4,1,28,188,45,Forest
62.jpg,0,2,20,78,34,Mine
62.jpg,1,2,23,246,182,Field
62.jpg,2,2,23,254,189,Field
62.jpg,3,2,36,188,43,Forest
62.jpg,4,2,35,176,41,Forest
62.jpg,0,3,108,240,120,Lake
62.jpg,1,3,23,254,193,Field
62.jpg,2,3,23,254,191,Field
62.jpg,3,3,23,254,188,Field
62.jpg,4,3,30,185,49,Forest
62.jpg,0,4,35,232,110,Grassland
62.jpg,1,4,35,240,116,Grassland
62.jpg,2,4,23,254,191,Field
62.jpg,3,4,36,192,44,Forest
62.jpg,4,4,36,185,44,Forest
63.jpg,0,0,19,150,64,Mine
63.jpg,1,0,23,254,196,Field
63.jpg,2,0,22,122,77,Home
63.jpg,3,0,23,251,197,Field
63.jpg,4,0,106,252,151,Lake
63.jpg,0,1,29,216,61,Forest
63.jpg,1,1,23,254,200,Field
63.jpg,2,1,106,237,130,Lake
63.jpg,3,1,23,245,200,Field
63.jpg,4,1,106,238,137,Lake
63.jpg,0,2,35,185,55,Forest
63.jpg,1,2,23,250,202,Field
63.jpg,2,2,23,249,202,Field
63.jpg,3,2,23,245,195,Field
63.jpg,4,2,106,252,154,Lake
63.jpg,0,3,35,196,50,Forest
63.jpg,1,3,35,207,44,Forest
63.jpg,2,3,22,251,167,Field
63.jpg,3,3,18,131,104,Swamp
63.jpg,4,3,108,253,132,Lake
63.jpg,0,4,35,186,30,Forest
63.jpg,1,4,35,170,29,Forest
63.jpg,2,4,34,181,30,Forest
63.jpg,3,4,35,159,28,Forest
63.jpg,4,4,108,251,118,Lake
64.jpg,0,0,50,101,44,Forest
64.jpg,1,0,36,108,48,Forest
64.jpg,2,0,35,116,51,Forest
64.jpg,3,0,34,117,53,Forest
64.jpg,4,0,40,127,46,Forest
64.jpg,0,1,42,113,42,Forest
64.jpg,1,1,24,247,180,Field
64.jpg,2,1,24,245,184,Field
64.jpg,3,1,24,245,186,Field
64.jpg,4,1,23,247,181,Field
64.jpg,0,2,35,124,46,Forest
64.jpg,1,2,23,244,181,Field
64.jpg,2,2,24,252,184,Field
64.jpg,3,2,24,252,186,Field
64.jpg,4,2,24,254,189,Field
64.jpg,0,3,40,148,39,Forest
64.jpg,1,3,23,252,181,Field
64.jpg,2,3,40,179,43,Forest
64.jpg,3,3,40,160,42,Forest
64.jpg,4,3,23,252,189,Field
64.jpg,0,4,40,161,37,Forest
64.jpg,1,4,37,170,42,Forest
64.jpg,2,4,40,172,41,Forest
64.jpg,3,4,38,154,42,Forest
64.jpg,4,4,17,81,123,Home
65.jpg,0,0,40,231,119,Grassland
65.jpg,1,0,39,227,122,Grassland
65.jpg,2,0,108,253,140,Lake
65.jpg,3,0,24,248,181,Field
65.jpg,4,0,19,54,116,Swamp
65.jpg,0,1,34,188,46,Forest
65.jpg,1,1,39,222,117,Grassland
65.jpg,2,1,39,232,115,Grassland
65.jpg,3,1,23,244,175,Field
65.jpg,4,1,23,227,182,Field
65.jpg,0,2,42,172,39,Forest
65.jpg,1,2,38,214,115,Grassland
65.jpg,2,2,35,219,108,Grassland
65.jpg,3,2,24,245,185,Field
65.jpg,4,2,24,48,109,Home
65.jpg,0,3,107,248,125,Lake
65.jpg,1,3,38,178,105,Grassland
65.jpg,2,3,37,209,112,Grassland
65.jpg,3,3,24,239,187,Field
65.jpg,4,3,23,226,185,Field
65.jpg,0,4,106,253,162,Lake
65.jpg,1,4,36,173,117,Grassland
65.jpg,2,4,43,195,128,Grassland
65.jpg,3,4,41,176,134,Grassland
65.jpg,4,4,42,160,123,Grassland
66.jpg,0,0,23,225,180,Field
66.jpg,1,0,23,222,190,Field
66.jpg,2,0,23,229,188,Field
66.jpg,3,0,23,240,185,Field
66.jpg,4,0,23,227,171,Field
66.jpg,0,1,18,102,121,Swamp
66.jpg,1,1,21,75,38,Mine
66.jpg,2,1,20,115,59,Mine
66.jpg,3,1,21,85,32,Mine
66.jpg,4,1,21,66,36,Mine
66.jpg,0,2,18,123,113,Swamp
66.jpg,1,2,20,81,38,Mine
66.jpg,2,2,21,84,38,Mine
66.jpg,3,2,18,144,99,Swamp
66.jpg,4,2,24,254,186,Field
66.jpg,0,3,19,133,106,Swamp
66.jpg,1,3,24,249,195,Field
66.jpg,2,3,19,120,119,Swamp
66.jpg,3,3,18,131,100,Swamp
66.jpg,4,3,37,214,125,Grassland
66.jpg,0,4,20,112,122,Swamp
66.jpg,1,4,18,155,111,Swamp
66.jpg,2,4,18,148,102,Swamp
66.jpg,3,4,38,232,124,Grassland
66.jpg,4,4,23,112,125,Home
67.jpg,0,0,106,253,163,Lake
67.jpg,1,0,106,253,167,Lake
67.jpg,2,0,106,254,169,Lake
67.jpg,3,0,106,254,170,Lake
67.jpg,4,0,24,73,117,Home
67.jpg,0,1,106,242,132,Lake
67.jpg,1,1,23,243,196,Field
67.jpg,2,1,106,249,149,Lake
67.jpg,3,1,106,246,138,Lake
67.jpg,4,1,106,254,172,Lake
67.jpg,0,2,106,241,132,Lake
67.jpg,1,2,23,247,198,Field
67.jpg,2,2,23,248,193,Field
67.jpg,3,2,36,193,52,Forest
67.jpg,4,2,39,169,51,Forest
67.jpg,0,3,106,250,157,Lake
67.jpg,1,3,35,186,49,Forest
67.jpg,2,3,32,188,59,Forest
67.jpg,3,3,35,183,50,Forest
67.jpg,4,3,38,115,53,Forest
67.jpg,0,4,106,250,164,Lake
67.jpg,1,4,106,248,159,Lake
67.jpg,2,4,106,252,168,Lake
67.jpg,3,4,105,249,159,Lake
67.jpg,4,4,106,236,142,Lake
69.jpg,0,0,23,241,181,Field
69.jpg,1,0,23,242,190,Field
69.jpg,2,0,23,247,188,Field
69.jpg,3,0,23,252,185,Field
69.jpg,4,0,22,245,171,Field
69.jpg,0,1,17,127,122,Swamp
69.jpg,1,1,20,78,31,Mine
69.jpg,2,1,19,124,49,Mine
69.jpg,3,1,19,106,30,Mine
69.jpg,4,1,19,85,32,Mine
69.jpg,0,2,18,150,111,Swamp
69.jpg,1,2,19,98,36,Mine
69.jpg,2,2,19,109,39,Mine
69.jpg,3,2,17,172,99,Swamp
69.jpg,4,2,23,254,186,Field
69.jpg,0,3,18,166,112,Swamp
69.jpg,1,3,23,254,196,Field
69.jpg,2,3,18,142,118,Swamp
69.jpg,3,3,17,165,99,Swamp
69.jpg,4,3,35,232,117,Grassland
69.jpg,0,4,20,136,128,Swamp
69.jpg,1,4,18,180,115,Swamp
69.jpg,2,4,18,171,103,Swamp
69.jpg,3,4,37,247,116,Grassland
69.jpg,4,4,22,167,90,Home
7.jpg,0,0,22,145,109,Swamp
7.jpg,1,0,25,238,180,Field
7.jpg,2,0,43,166,53,Forest
7.jpg,3,0,46,145,46,Forest
7.jpg,4,0,46,144,46,Forest
7.jpg,0,1,26,244,194,Field
7.jpg,1,1,26,233,192,Field
7.jpg,2,1,39,120,54,Forest
7.jpg,3,1,51,120,47,Forest
7.jpg,4,1,49,138,49,Forest
7.jpg,0,2,24,80,44,Mine
7.jpg,1,2,25,234,177,Field
7.jpg,2,2,31,120,64,Home
7.jpg,3,2,46,146,46,Forest
7.jpg,4,2,106,250,151,Lake
7.jpg,0,3,26,243,197,Field
7.jpg,1,3,35,175,61,Forest
7.jpg,2,3,42,188,50,Forest
7.jpg,3,3,37,181,56,Forest
7.jpg,4,3,106,253,161,Lake
7.jpg,0,4,105,252,171,Lake
7.jpg,1,4,105,254,174,Lake
7.jpg,2,4,105,251,161,Lake
7.jpg,3,4,43,162,51,Forest
7.jpg,4,4,106,248,131,Lake
70.jpg,0,0,106,253,153,Lake
70.jpg,1,0,105,253,157,Lake
70.jpg,2,0,106,253,159,Lake
70.jpg,3,0,106,253,157,Lake
70.jpg,4,0,24,131,76,Home
70.jpg,0,1,106,240,125,Lake
70.jpg,1,1,23,249,199,Field
70.jpg,2,1,106,247,137,Lake
70.jpg,3,1,106,243,131,Lake
70.jpg,4,1,105,253,159,Lake
70.jpg,0,2,106,239,127,Lake
70.jpg,1,2,23,251,201,Field
70.jpg,2,2,23,251,195,Field
70.jpg,3,2,35,222,53,Forest
70.jpg,4,2,36,198,53,Forest
70.jpg,0,3,106,249,152,Lake
70.jpg,1,3,34,214,50,Forest
70.jpg,2,3,30,216,61,Forest
70.jpg,3,3,34,211,52,Forest
70.jpg,4,3,35,148,54,Forest
70.jpg,0,4,106,247,160,Lake
70.jpg,1,4,105,247,155,Lake
70.jpg,2,4,105,250,162,Lake
70.jpg,3,4,105,247,155,Lake
70.jpg,4,4,106,234,137,Lake
71.jpg,0,0,39,143,38,Forest
71.jpg,1,0,32,170,45,Forest
71.jpg,2,0,30,168,48,Forest
71.jpg,3,0,29,174,51,Forest
71.jpg,4,0,35,175,43,Forest
71.jpg,0,1,35,156,38,Forest
71.jpg,1,1,23,255,178,Field
71.jpg,2,1,23,254,182,Field
71.jpg,3,1,23,254,186,Field
71.jpg,4,1,23,252,182,Field
71.jpg,0,2,32,159,42,Forest
71.jpg,1,2,23,252,179,Field
71.jpg,2,2,23,254,183,Field
71.jpg,3,2,23,254,186,Field
71.jpg,4,2,23,255,189,Field
71.jpg,0,3,35,186,36,Forest
71.jpg,1,3,23,254,180,Field
71.jpg,2,3,37,213,40,Forest
71.jpg,3,3,35,193,38,Forest
71.jpg,4,3,23,254,188,Field
71.jpg,0,4,36,199,34,Forest
71.jpg,1,4,35,201,39,Forest
71.jpg,2,4,36,201,38,Forest
71.jpg,3,4,36,180,37,Forest
71.jpg,4,4,16,120,84,Home
73.jpg,0,0,23,238,184,Field
73.jpg,1,0,23,238,193,Field
73.jpg,2,0,23,243,192,Field
73.jpg,3,0,23,251,190,Field
73.jpg,4,0,22,239,176,Field
73.jpg,0,1,17,125,124,Swamp
73.jpg,1,1,19,91,38,Mine
73.jpg,2,1,19,138,68,Mine
73.jpg,3,1,19,112,34,Mine
73.jpg,4,1,20,85,34,Mine
73.jpg,0,2,18,150,114,Swamp
73.jpg,1,2,19,97,39,Mine
73.jpg,2,2,19,89,35,Mine
73.jpg,3,2,17,160,95,Swamp
73.jpg,4,2,23,255,191,Field
73.jpg,0,3,18,152,108,Swamp
73.jpg,1,3,23,254,198,Field
73.jpg,2,3,19,147,124,Swamp
73.jpg,3,3,18,156,102,Swamp
73.jpg,4,3,35,228,123,Grassland
73.jpg,0,4,20,139,125,Swamp
73.jpg,1,4,18,181,117,Swamp
73.jpg,2,4,18,167,109,Swamp
73.jpg,3,4,36,243,123,Grassland
73.jpg,4,4,22,174,92,Home
74.jpg,0,0,106,253,151,Lake
74.jpg,1,0,105,253,156,Lake
74.jpg,2,0,106,253,159,Lake
74.jpg,3,0,106,253,158,Lake
74.jpg,4,0,25,132,77,Home
74.jpg,0,1,106,242,123,Lake
74.jpg,1,1,23,249,198,Field
74.jpg,2,1,106,247,137,Lake
74.jpg,3,1,106,244,133,Lake
74.jpg,4,1,106,253,161,Lake
74.jpg,0,2,106,240,123,Lake
74.jpg,1,2,23,252,199,Field
74.jpg,2,2,23,251,193,Field
74.jpg,3,2,35,222,54,Forest
74.jpg,4,2,36,197,53,Forest
74.jpg,0,3,106,250,148,Lake
74.jpg,1,3,35,213,49,Forest
74.jpg,2,3,29,217,60,Forest
74.jpg,3,3,34,212,51,Forest
74.jpg,4,3,35,148,54,Forest
74.jpg,0,4,106,249,157,Lake
74.jpg,1,4,105,248,152,Lake
74.jpg,2,4,105,250,160,Lake
74.jpg,3,4,105,248,155,Lake
74.jpg,4,4,106,232,138,Lake
8.jpg,0,0,105,239,153,Lake
8.jpg,1,0,26,236,203,Field
8.jpg,2,0,26,236,197,Field
8.jpg,3,0,23,114,138,Swamp
8.jpg,4,0,26,243,199,Field
8.jpg,0,1,105,248,166,Lake
8.jpg,1,1,26,239,197,Field
8.jpg,2,1,37,222,147,Grassland
8.jpg,3,1,43,201,153,Grassland
8.jpg,4,1,26,242,199,Field
8.jpg,0,2,105,251,174,Lake
8.jpg,1,2,26,236,202,Field
8.jpg,2,2,26,247,201,Field
8.jpg,3,2,26,232,198,Field
8.jpg,4,2,26,240,198,Field
8.jpg,0,3,105,236,150,Lake
8.jpg,1,3,26,231,200,Field
8.jpg,2,3,26,241,200,Field
8.jpg,3,3,36,164,65,Forest
8.jpg,4,3,35,157,64,Forest
8.jpg,0,4,105,252,183,Lake
8.jpg,1,4,105,252,181,Lake
8.jpg,2,4,30,63,89,Home
8.jpg,3,4,106,254,171,Lake
8.jpg,4,4,106,254,175,Lake
